Designator,Val,Package,Mid X,Mid Y,Rotation,Layer
IC301,MAX98357AETE+T,TQFN-16-1EP_3x3mm_P0.5mm_EP1.23x1.23mm_ThermalVias,121.975000,-115.910000,180.000000,top
IC302,MAX98357AETE+T,TQFN-16-1EP_3x3mm_P0.5mm_EP1.23x1.23mm_ThermalVias,121.975000,-124.725000,180.000000,top
J1,USB-TYPE-C-018,USB_C_Receptacle_GCT_USB4105-xx-A_16P_TopMnt_Horizontal,111.700000,-101.045000,-90.000000,top
L201,2n2,L_0402_1005Metric,142.675000,-113.595000,-90.000000,top
L202,2n2,L_0402_1005Metric,148.708094,-112.984871,45.000000,top
U1,USBLC6-2SC6,SOT-23-6,122.400000,-101.550000,180.000000,top
U201,ESP32C3,HVQFN-32-1EP_5x5mm_P0.5mm_EP3.1x3.1mm_ThermalVias,141.925000,-118.797500,-90.000000,top
,,,,,,
,,,,,,
,,,,,,
,,,,,,
,,,,,,
,,,,,,
,,,,,,
,,,,,,
,,,,,,
,,,,,,
,,,,,,
,,,,,,
,,,,,,
,,,,,,
,,,,,,
,,,,,,
,,,,,,
,,,,,,
,,,,,,
,,,,,,
,,,,,,
,,,,,,
,,,,,,
,,,,,,
,,,,,,
,,,,,,
,,,,,,
,,,,,,
,,,,,,
,,,,,,
,,,,,,
,,,,,,
,,,,,,
,,,,,,
,,,,,,
,,,,,,
,,,,,,
,,,,,,
,,,,,,
,,,,,,
,,,,,,
,,,,,,
,,,,,,
,,,,,,
,,,,,,
,,,,,,
,,,,,,
,,,,,,
,,,,,,
,,,,,,
,,,,,,
,,,,,,
,,,,,,
,,,,,,
,,,,,,
,,,,,,
,,,,,,
,,,,,,
,,,,,,
,,,,,,
,,,,,,
,,,,,,
,,,,,,
,,,,,,
,,,,,,
